{
  "lang":"en",
  "name":"pipeline",
  "version":"0.0.0",
  "spacy_version":">=3.4.4,<3.5.0",
  "description":"",
  "author":"",
  "email":"",
  "url":"",
  "license":"",
  "spacy_git_version":"77833bfef",
  "vectors":{
    "width":0,
    "vectors":0,
    "keys":0,
    "name":null,
    "mode":"default"
  },
  "labels":{
    "tok2vec":[

    ],
    "ner":[
      "ADRESS",
      "Birth/Age",
      "DATE",
      "DIPLOMA",
      "INSTITUT",
      "LOC",
      "ORG",
      "PERSON",
      "POSITION",
      "SKILL",
      "TITLE"
    ]
  },
  "pipeline":[
    "tok2vec",
    "ner"
  ],
  "components":[
    "tok2vec",
    "ner"
  ],
  "disabled":[

  ],
  "performance":{
    "ents_f":0.7834052439,
    "ents_p":0.8041700736,
    "ents_r":0.7636857771,
    "ents_per_type":{
      "PERSON":{
        "p":0.6959459459,
        "r":0.5971014493,
        "f":0.6427457098
      },
      "TITLE":{
        "p":0.6743295019,
        "r":0.5432098765,
        "f":0.6017094017
      },
      "ADRESS":{
        "p":0.6088709677,
        "r":0.541218638,
        "f":0.5730550285
      },
      "POSITION":{
        "p":0.6824104235,
        "r":0.6526479751,
        "f":0.6671974522
      },
      "ORG":{
        "p":0.6876971609,
        "r":0.6616084977,
        "f":0.6744006187
      },
      "DATE":{
        "p":0.976760082,
        "r":0.9747612551,
        "f":0.9757596449
      },
      "DIPLOMA":{
        "p":0.8134715026,
        "r":0.804440649,
        "f":0.8089308716
      },
      "INSTITUT":{
        "p":0.7946884576,
        "r":0.7764471058,
        "f":0.7854618879
      },
      "LOC":{
        "p":0.9087261785,
        "r":0.8787584869,
        "f":0.8934911243
      },
      "SKILL":{
        "p":0.6436420722,
        "r":0.5416116248,
        "f":0.5882352941
      },
      "Birth/Age":{
        "p":0.9411764706,
        "r":0.9411764706,
        "f":0.9411764706
      }
    },
    "tok2vec_loss":15734.4659799892,
    "ner_loss":3713.4435010611
  }
}