{
  "token_acc":1.0,
  "token_p":1.0,
  "token_r":1.0,
  "token_f":1.0,
  "spans_sc_p":0.9113948171,
  "spans_sc_r":0.6189983176,
  "spans_sc_f":0.7372639692,
  "spans_sc_per_type":{
    "TITLE":{
      "p":0.90625,
      "r":0.7160493827,
      "f":0.8
    },
    "PERSON":{
      "p":0.968115942,
      "r":0.968115942,
      "f":0.968115942
    },
    "ADRESS":{
      "p":0.796875,
      "r":0.3655913978,
      "f":0.5012285012
    },
    "POSITION":{
      "p":0.9049773756,
      "r":0.6230529595,
      "f":0.7380073801
    },
    "ORG":{
      "p":0.9153846154,
      "r":0.722306525,
      "f":0.8074639525
    },
    "LOC":{
      "p":0.9340314136,
      "r":0.8651794374,
      "f":0.8982880161
    },
    "DATE":{
      "p":0.9818594104,
      "r":0.5907230559,
      "f":0.737649063
    },
    "DIPLOMA":{
      "p":0.8136094675,
      "r":0.2348420154,
      "f":0.3644797879
    },
    "INSTITUT":{
      "p":0.8732824427,
      "r":0.5708582834,
      "f":0.6904043452
    },
    "Birth/Age":{
      "p":0.914893617,
      "r":0.8431372549,
      "f":0.8775510204
    },
    "SKILL":{
      "p":0.8691176471,
      "r":0.7807133421,
      "f":0.8225469729
    }
  },
  "speed":2855.2393575692
}