{
  "token_acc":1.0,
  "token_p":1.0,
  "token_r":1.0,
  "token_f":1.0,
  "spans_sc_p":0.8835894718,
  "spans_sc_r":0.6473404944,
  "spans_sc_f":0.747236331,
  "spans_sc_per_type":{
    "TITLE":{
      "p":0.8693877551,
      "r":0.6574074074,
      "f":0.7486818981
    },
    "PERSON":{
      "p":0.8289473684,
      "r":0.7304347826,
      "f":0.7765793529
    },
    "ADRESS":{
      "p":0.8,
      "r":0.3010752688,
      "f":0.4375
    },
    "ORG":{
      "p":0.8501026694,
      "r":0.6282245827,
      "f":0.722513089
    },
    "POSITION":{
      "p":0.8663793103,
      "r":0.6261682243,
      "f":0.7269439421
    },
    "INSTITUT":{
      "p":0.8673050616,
      "r":0.6327345309,
      "f":0.7316791691
    },
    "DIPLOMA":{
      "p":0.8655097614,
      "r":0.340734415,
      "f":0.4889705882
    },
    "DATE":{
      "p":0.9849315068,
      "r":0.9809004093,
      "f":0.982911825
    },
    "LOC":{
      "p":0.9581545064,
      "r":0.8661493695,
      "f":0.90983189
    },
    "SKILL":{
      "p":0.5783898305,
      "r":0.3606340819,
      "f":0.444263629
    },
    "Birth/Age":{
      "p":0.0,
      "r":0.0,
      "f":0.0
    }
  },
  "speed":7825.6608940724
}