{
  "token_acc":1.0,
  "token_p":1.0,
  "token_r":1.0,
  "token_f":1.0,
  "spans_sc_p":0.8885498923,
  "spans_sc_r":0.6407402614,
  "spans_sc_f":0.7445672607,
  "spans_sc_per_type":{
    "TITLE":{
      "p":0.8689138577,
      "r":0.7160493827,
      "f":0.7851099831
    },
    "PERSON":{
      "p":0.9727272727,
      "r":0.9304347826,
      "f":0.9511111111
    },
    "ADRESS":{
      "p":0.7903225806,
      "r":0.3512544803,
      "f":0.4863523573
    },
    "ORG":{
      "p":0.8580542265,
      "r":0.8163884674,
      "f":0.8367029549
    },
    "POSITION":{
      "p":0.8831967213,
      "r":0.6713395639,
      "f":0.7628318584
    },
    "DIPLOMA":{
      "p":0.7149643705,
      "r":0.2570452605,
      "f":0.3781407035
    },
    "LOC":{
      "p":0.9498399146,
      "r":0.8632395732,
      "f":0.9044715447
    },
    "INSTITUT":{
      "p":0.8772189349,
      "r":0.5918163673,
      "f":0.7067938021
    },
    "DATE":{
      "p":0.9817974972,
      "r":0.5886766712,
      "f":0.7360341151
    },
    "Birth/Age":{
      "p":0.9038461538,
      "r":0.9215686275,
      "f":0.9126213592
    },
    "SKILL":{
      "p":0.8261997406,
      "r":0.8414795244,
      "f":0.8337696335
    }
  },
  "speed":3091.5671673365
}