{
  "token_acc":1.0,
  "token_p":1.0,
  "token_r":1.0,
  "token_f":1.0,
  "ents_p":0.6773940345,
  "ents_r":0.6249094859,
  "ents_f":0.650094162,
  "ents_per_type":{
    "PERSON":{
      "p":0.7514792899,
      "r":0.7362318841,
      "f":0.7437774524
    },
    "ADRESS":{
      "p":0.7531914894,
      "r":0.6344086022,
      "f":0.6887159533
    },
    "SKILL":{
      "p":0.6162624822,
      "r":0.570673712,
      "f":0.5925925926
    }
  },
  "spans_sc_p":0.9005763689,
  "spans_sc_r":0.4924361803,
  "spans_sc_f":0.6367155664,
  "spans_sc_per_type":{
    "TITLE":{
      "p":0.8189655172,
      "r":0.5864197531,
      "f":0.6834532374
    },
    "ORG":{
      "p":0.7816764133,
      "r":0.6084977238,
      "f":0.6843003413
    },
    "POSITION":{
      "p":0.8427230047,
      "r":0.5591900312,
      "f":0.6722846442
    },
    "DATE":{
      "p":0.9824150059,
      "r":0.5716234652,
      "f":0.7227253126
    },
    "DIPLOMA":{
      "p":0.0,
      "r":0.0,
      "f":0.0
    },
    "LOC":{
      "p":0.9398410897,
      "r":0.8031037827,
      "f":0.8661087866
    },
    "INSTITUT":{
      "p":0.9008849558,
      "r":0.5079840319,
      "f":0.6496490108
    },
    "Birth/Age":{
      "p":0.0,
      "r":0.0,
      "f":0.0
    }
  },
  "speed":11673.6710056598
}