{
  "token_acc":1.0,
  "token_p":1.0,
  "token_r":1.0,
  "token_f":1.0,
  "ents_p":0.8586810229,
  "ents_r":0.827139153,
  "ents_f":0.8426150121,
  "ents_per_type":{
    "PERSON":{
      "p":0.8928884987,
      "r":0.888209607,
      "f":0.8905429072
    },
    "ADRESS":{
      "p":0.8596287703,
      "r":0.7857900318,
      "f":0.8210526316
    },
    "SKILL":{
      "p":0.8424908425,
      "r":0.8149606299,
      "f":0.8284970983
    }
  },
  "spans_sc_p":0.9392791552,
  "spans_sc_r":0.5683033544,
  "spans_sc_f":0.7081476353,
  "spans_sc_per_type":{
    "TITLE":{
      "p":0.8933189655,
      "r":0.7284710018,
      "f":0.8025169409
    },
    "DATE":{
      "p":0.990916955,
      "r":0.6642505074,
      "f":0.7953480299
    },
    "DIPLOMA":{
      "p":0.8760245902,
      "r":0.2225403436,
      "f":0.3549190535
    },
    "INSTITUT":{
      "p":0.9152542373,
      "r":0.5858951175,
      "f":0.7144432194
    },
    "LOC":{
      "p":0.9525745257,
      "r":0.8555780933,
      "f":0.9014746741
    },
    "Birth/Age":{
      "p":0.9810126582,
      "r":0.9011627907,
      "f":0.9393939394
    },
    "POSITION":{
      "p":0.0,
      "r":0.0,
      "f":0.0
    }
  },
  "speed":8705.0118992068
}