{
  "token_acc":0.997005102,
  "token_p":0.9912427712,
  "token_r":0.9876525788,
  "token_f":0.9894444183,
  "ents_p":0.7182795699,
  "ents_r":0.6445387881,
  "ents_f":0.6794141579,
  "ents_per_type":{
    "PERSON":{
      "p":0.6279069767,
      "r":0.4736842105,
      "f":0.54
    },
    "DIPLOMA":{
      "p":0.6955445545,
      "r":0.6314606742,
      "f":0.6619552415
    },
    "TITLE":{
      "p":0.546875,
      "r":0.3333333333,
      "f":0.4142011834
    },
    "ADRESS":{
      "p":0.4390243902,
      "r":0.3829787234,
      "f":0.4090909091
    },
    "POSITION":{
      "p":0.623655914,
      "r":0.5742574257,
      "f":0.5979381443
    },
    "ORG":{
      "p":0.5621621622,
      "r":0.5174129353,
      "f":0.5388601036
    },
    "DATE":{
      "p":0.9696356275,
      "r":0.9560878244,
      "f":0.9628140704
    },
    "INSTITUT":{
      "p":0.6341463415,
      "r":0.5730027548,
      "f":0.6020260492
    },
    "LOC":{
      "p":0.8211143695,
      "r":0.7629427793,
      "f":0.790960452
    },
    "SKILL":{
      "p":0.4615384615,
      "r":0.3586956522,
      "f":0.4036697248
    },
    "Birth/Age":{
      "p":0.9166666667,
      "r":0.7333333333,
      "f":0.8148148148
    }
  },
  "speed":27553.6536758399
}