{
  "lang":"fr",
  "name":"parser_ner",
  "version":"0.1.0",
  "description":"",
  "author":"",
  "email":"",
  "url":"",
  "license":"",
  "spacy_version":">=3.4.4,<3.5.0",
  "spacy_git_version":"Unknown",
  "vectors":{
    "width":0,
    "vectors":0,
    "keys":0,
    "name":null
  },
  "labels":{
    "transformer":[

    ],
    "ner":[
      "ADRESS",
      "Birth/Age",
      "DATE",
      "DIPLOMA",
      "INSTITUT",
      "LOC",
      "ORG",
      "PERSON",
      "POSITION",
      "SKILL",
      "TITLE"
    ]
  },
  "pipeline":[
    "transformer",
    "ner"
  ],
  "components":[
    "transformer",
    "ner"
  ],
  "disabled":[

  ],
  "performance":{
    "ents_f":0.9697520447,
    "ents_p":0.9727829144,
    "ents_r":0.9667400026,
    "ents_per_type":{
      "PERSON":{
        "p":1.0,
        "r":0.9971014493,
        "f":0.9985486212
      },
      "TITLE":{
        "p":0.9782608696,
        "r":0.9722222222,
        "f":0.9752321981
      },
      "ADRESS":{
        "p":0.9784946237,
        "r":0.9784946237,
        "f":0.9784946237
      },
      "POSITION":{
        "p":0.9661835749,
        "r":0.9345794393,
        "f":0.9501187648
      },
      "ORG":{
        "p":0.9571865443,
        "r":0.9499241275,
        "f":0.953541508
      },
      "DATE":{
        "p":0.985645933,
        "r":0.9836289222,
        "f":0.9846363947
      },
      "DIPLOMA":{
        "p":0.9697493518,
        "r":0.9581554227,
        "f":0.9639175258
      },
      "INSTITUT":{
        "p":0.959040959,
        "r":0.9580838323,
        "f":0.9585621568
      },
      "LOC":{
        "p":0.9740384615,
        "r":0.9825412221,
        "f":0.9782713665
      },
      "Birth/Age":{
        "p":1.0,
        "r":1.0,
        "f":1.0
      },
      "SKILL":{
        "p":0.969210174,
        "r":0.9564068692,
        "f":0.9627659574
      }
    },
    "transformer_loss":0.0000000152,
    "ner_loss":0.0000000271
  },
  "requirements":[
    "spacy-transformers>=1.1.9,<1.2.0"
  ]
}